Workbook

Sheet Distinta costi
A1: Distinta base e costo industriale per referenza - aggiornamento gennaio 2026
A2: A. Zanchetta / L. Trentin - i costi MP sono medi ponderati 2025, NON aggiornati dopo aumento olio
A5: Cod. art. | B5: Descrizione | C5: Peso pz (g) | D5: Farina €/pz | E5: Grassi €/pz | F5: Altri ingr. | G5: Imballo €/pz | H5: MP totale | I5: Manodopera | J5: Energia | K5: Costo ind.
A6: AF-SN-0450 | B6: Snack salato rustico multicereali 100 g ATM | C6: 100 | D6: 0.2439 | E6: 0.1829 | F6: 0.121 | G6: 0.093 | H6: =SUM(D6:G6) | I6: 0.071 | J6: 0.0198 | K6: =H6+I6+J6
A7: AF-SN-0455 | B7: Snack salato rustico 100 g promo 3+1 | C7: 400 | D7: 0.8046 | E7: 0.6035 | F7: 0.399 | G7: 0.3067 | H7: =SUM(D7:G7) | I7: 0.2341 | J7: 0.0652 | K7: =H7+I7+J7
A8: AF-CR-0212 | B8: Cornetto Premium burro 6x50 g surgelato | C8: 300 | D8: 0.4982 | E8: 0.5157 | F8: 0.1813 | G8: 0.2121 | H8: =SUM(D8:G8) | I8: 0.1741 | J8: 0.0402 | K8: =H8+I8+J8
A9: AF-CR-0215 | B9: Cornetto Premium PL Tosano 8x45 g surg. | C9: 360 | D9: 0.5475 | E9: 0.6051 | F9: 0.1982 | G9: 0.2055 | H9: =SUM(D9:G9) | I9: 0.1813 | J9: 0.0417 | K9: =H9+I9+J9
A10: AF-FC-0330 | B10: Focaccina olio EVO 2x90 g ATM | C10: 180 | D10: 0.1323 | E10: 0.1026 | F10: 0.067 | G10: 0.0734 | H10: =SUM(D10:G10) | I10: 0.0866 | J10: 0.0231 | K10: =H10+I10+J10
A11: AF-CR-0220 | B11: Sfogliatina bio ai cereali | C11: 240 | D11: 0.2819 | E11: 0.2609 | F11: 0.1539 | G11: 0.1194 | H11: =SUM(D11:G11) | I11: 0.1519 | J11: 0.0361 | K11: =H11+I11+J11
B13: n.b. il costo manodopera è quello del 2024 rivalutato a spanne, va rifatto col nuovo CCNL
B14: energia: allocata a pz con driver ore-forno, vedi foglio consumi (che però non torna con la bolletta)

Sheet Marginalità
A1: Marginalità per referenza e cliente - situazione a maggio 2026
A5: Cod. art. | B5: Cliente | C5: Prezzo netto | D5: Costo ind. | E5: Margine € | F5: Margine % | G5: Volumi anno | H5: Margine totale | I5: Classe
A6: AF-SN-0450 | B6: Tosano Cerea SpA | C6: 0.89 | D6: ='Distinta costi'!K6 | E6: =C6-D6 | F6: =E6/C6 | G6: 1240000 | H6: =E6*G6 | I6: =IF(F6>0.25,"A",IF(F6>0.12,"B","C"))
A7: AF-SN-0450 | B7: Alì SpA | C7: 0.95 | D7: ='Distinta costi'!K6 | E7: =C7-D7 | F7: =E7/C7 | G7: 318000 | H7: =E7*G7 | I7: =IF(F7>0.25,"A",IF(F7>0.12,"B","C"))
A8: AF-SN-0455 | B8: Tosano Cerea SpA | C8: 2.89 | D8: ='Distinta costi'!K7 | E8: =C8-D8 | F8: =E8/C8 | G8: 410000 | H8: =E8*G8 | I8: =IF(F8>0.25,"A",IF(F8>0.12,"B","C"))
A9: AF-CR-0212 | B9: Famila Nordest | C9: 1.98 | D9: ='Distinta costi'!K8 | E9: =C9-D9 | F9: =E9/C9 | G9: 196000 | H9: =E9*G9 | I9: =IF(F9>0.25,"A",IF(F9>0.12,"B","C"))
A10: AF-CR-0215 | B10: Tosano Cerea SpA | C10: 1.84 | D10: ='Distinta costi'!K9 | E10: =C10-D10 | F10: =E10/C10 | G10: 742000 | H10: =E10*G10 | I10: =IF(F10>0.25,"A",IF(F10>0.12,"B","C"))
A11: AF-FC-0330 | B11: Rossetto Trade SpA | C11: 0.548 | D11: ='Distinta costi'!K10 | E11: =C11-D11 | F11: =E11/C11 | G11: 264000 | H11: =E11*G11 | I11: =IF(F11>0.25,"A",IF(F11>0.12,"B","C"))
A12: AF-FC-0330 | B12: Alì SpA | C12: 0.561 | D12: ='Distinta costi'!K10 | E12: =C12-D12 | F12: =E12/C12 | G12: 151000 | H12: =E12*G12 | I12: =IF(F12>0.25,"A",IF(F12>0.12,"B","C"))
A13: AF-CR-0220 | B13: Famila Nordest | C13: 1.289 | D13: ='Distinta costi'!K11 | E13: =C13-D13 | F13: =E13/C13 | G13: 88000 | H13: =E13*G13 | I13: =IF(F13>0.25,"A",IF(F13>0.12,"B","C"))
A14: AF-CR-0212 | B14: Ho.Re.Ca. grossisti | C14: 2.145 | D14: ='Distinta costi'!K8 | E14: =C14-D14 | F14: =E14/C14 | G14: 64000 | H14: =E14*G14 | I14: =IF(F14>0.25,"A",IF(F14>0.12,"B","C"))
B15: TOTALE | G15: =SUM(G6:G14) | H15: =SUM(H6:H14)
B17: il cliente Tosano pesa il | D17: =SUMIF(B6:B14,"Tosano Cerea SpA",H6:H14)/H15 | E17: del margine totale

Sheet Simulazione -4,5%
A1: Simulazione richiesta buyer Tosano del 05/05/2026: -4,5% listino + listing fee 12.000 €
A2: richiesta da S. Bertoldi il 06/05 - da portare in riunione commerciale
A5: Cod. art. | B5: Prezzo attuale | C5: Prezzo -4,5% | D5: Costo ind. | E5: Margine post € | F5: Margine post % | G5: Volumi | H5: Margine tot post | I5: Delta vs oggi | J5: Esito
A6: AF-SN-0450 | B6: 0.89 | C6: =B6*(1-0.045) | D6: ='Distinta costi'!K6 | E6: =C6-D6 | F6: =E6/C6 | G6: 1240000 | H6: =E6*G6 | I6: =(B6-D6)*G6-H6 | J6: =IF(E6<0,"SOTTO COSTO",IF(F6<0.08,"insostenibile","accettabile"))
A7: AF-SN-0455 | B7: 2.89 | C7: =B7*(1-0.045) | D7: ='Distinta costi'!K7 | E7: =C7-D7 | F7: =E7/C7 | G7: 410000 | H7: =E7*G7 | I7: =(B7-D7)*G7-H7 | J7: =IF(E7<0,"SOTTO COSTO",IF(F7<0.08,"insostenibile","accettabile"))
A8: AF-CR-0215 | B8: 1.84 | C8: =B8*(1-0.045) | D8: ='Distinta costi'!K9 | E8: =C8-D8 | F8: =E8/C8 | G8: 742000 | H8: =E8*G8 | I8: =(B8-D8)*G8-H8 | J8: =IF(E8<0,"SOTTO COSTO",IF(F8<0.08,"insostenibile","accettabile"))
A10: listing fee una tantum richiesta | C10: -12000
A11: impatto complessivo sul margine annuo | C11: =SUM(I6:I8)+C10
A13: NOTA (S.B.): su AF-CR-0215 andiamo sotto il costo industriale. Non è trattabile così.
A14: NOTA (G.B.): se perdiamo il Tosano perdiamo metà fabbrica. RIVEDERE I COSTI, non il prezzo.

Sheet Foglio1
A1: vecchia simulazione -3% (superata)
A3: AF-CR-0215 | B3: 0.8355 | C3: =B3*0.97 | D3: =C3-0.7621
