Workbook

Sheet Cedolini maggio
A1: LIBRO UNICO DEL LAVORO - estratto cedolini maggio 2026
A2: Aurora Food Group S.r.l. - elaborazione Studio Bellotto & Associati - maggio 2026: 20 giornate lavorabili (il 1° maggio, venerdì, è festivo) = 160 ore ordinarie
A4: Matricola | B4: Cognome e nome | C4: Mansione | D4: Reparto | E4: Liv. | F4: Paga oraria | G4: Ore ord. | H4: Ore str. diurno | I4: Ore str. nott. | J4: Ore str. fest. | K4: Ore assenza | L4: Retrib. lorda | M4: Contr. 9,19% | N4: Imponibile IRPEF | O4: IRPEF netta | P4: Netto in busta | Q4: Note
A5: 0201 | B5: POPESCU IONUT | C5: Capoturno Linea 1 | D5: LINEA 1 | E5: 4 | F5: 11.82 | G5: 160 | H5: 2 | I5: 0 | J5: 8 | K5: 0 | L5: =ROUND(F5*G5+F5*1.30*H5+F5*1.55*I5+F5*1.65*J5,2) | M5: =ROUND(L5*0.0919,2) | N5: =ROUND(L5-M5,2) | O5: =ROUND(N5*0.2280,2) | P5: =ROUND(N5-O5,2)
A6: 0202 | B6: ROSSIN DAVIDE | C6: Operaio Linea 1 | D6: LINEA 1 | E6: 5 | F6: 10.64 | G6: 160 | H6: 6 | I6: 0 | J6: 0 | K6: 0 | L6: =ROUND(F6*G6+F6*1.30*H6+F6*1.55*I6+F6*1.65*J6,2) | M6: =ROUND(L6*0.0919,2) | N6: =ROUND(L6-M6,2) | O6: =ROUND(N6*0.2280,2) | P6: =ROUND(N6-O6,2)
A7: 0203 | B7: PERIN LUCA | C7: Operaio Linea 1 | D7: LINEA 1 | E7: 5 | F7: 10.64 | G7: 160 | H7: 6 | I7: 0 | J7: 0 | K7: 0 | L7: =ROUND(F7*G7+F7*1.30*H7+F7*1.55*I7+F7*1.65*J7,2) | M7: =ROUND(L7*0.0919,2) | N7: =ROUND(L7-M7,2) | O7: =ROUND(N7*0.2280,2) | P7: =ROUND(N7-O7,2)
A8: 0204 | B8: OSEI SAMUEL | C8: Operaio Linea 1 | D8: LINEA 1 | E8: 6 | F8: 10.11 | G8: 160 | H8: 8 | I8: 0 | J8: 0 | K8: 0 | L8: =ROUND(F8*G8+F8*1.30*H8+F8*1.55*I8+F8*1.65*J8,2) | M8: =ROUND(L8*0.0919,2) | N8: =ROUND(L8-M8,2) | O8: =ROUND(N8*0.2280,2) | P8: =ROUND(N8-O8,2)
A9: 0205 | B9: VASILESCU ANDREI | C9: Operaio Linea 1 | D9: LINEA 1 | E9: 5 | F9: 10.64 | G9: 160 | H9: 12 | I9: 0 | J9: 8 | K9: 0 | L9: =ROUND(F9*G9+F9*1.30*H9+F9*1.55*I9+F9*1.65*J9,2) | M9: =ROUND(L9*0.0919,2) | N9: =ROUND(L9-M9,2) | O9: =ROUND(N9*0.2280,2) | P9: =ROUND(N9-O9,2)
A10: 0206 | B10: BOGONI MARTA | C10: Operaia Linea 1 | D10: LINEA 1 | E10: 6 | F10: 10.11 | G10: 160 | H10: 8 | I10: 0 | J10: 0 | K10: 0 | L10: =ROUND(F10*G10+F10*1.30*H10+F10*1.55*I10+F10*1.65*J10,2) | M10: =ROUND(L10*0.0919,2) | N10: =ROUND(L10-M10,2) | O10: =ROUND(N10*0.2280,2) | P10: =ROUND(N10-O10,2)
A11: 0207 | B11: FURLAN ALESSANDRO | C11: Operaio Linea 1 | D11: LINEA 1 | E11: 5 | F11: 10.64 | G11: 160 | H11: 0 | I11: 0 | J11: 8 | K11: 0 | L11: =ROUND(F11*G11+F11*1.30*H11+F11*1.55*I11+F11*1.65*J11,2) | M11: =ROUND(L11*0.0919,2) | N11: =ROUND(L11-M11,2) | O11: =ROUND(N11*0.2280,2) | P11: =ROUND(N11-O11,2)
A12: 0208 | B12: EL AMRANI HASSAN | C12: Operaio Linea 1 | D12: LINEA 1 | E12: 6 | F12: 10.11 | G12: 160 | H12: 10 | I12: 0 | J12: 12 | K12: 0 | L12: =ROUND(F12*G12+F12*1.30*H12+F12*1.55*I12+F12*1.65*J12,2) | M12: =ROUND(L12*0.0919,2) | N12: =ROUND(L12-M12,2) | O12: =ROUND(N12*0.2280,2) | P12: =ROUND(N12-O12,2)
A13: 0209 | B13: PELOSO GIORGIO | C13: Operaio Linea 1 notte | D13: LINEA 1 | E13: 5 | F13: 10.64 | G13: 160 | H13: 0 | I13: 0 | J13: 0 | K13: 0 | L13: =ROUND(F13*G13+F13*1.30*H13+F13*1.55*I13+F13*1.65*J13,2) | M13: =ROUND(L13*0.0919,2) | N13: =ROUND(L13-M13,2) | O13: =ROUND(N13*0.2280,2) | P13: =ROUND(N13-O13,2)
A14: 0210 | B14: MUNTEANU CRISTIAN | C14: Operaio Linea 1 notte | D14: LINEA 1 | E14: 6 | F14: 10.11 | G14: 160 | H14: 12 | I14: 0 | J14: 0 | K14: 0 | L14: =ROUND(F14*G14+F14*1.30*H14+F14*1.55*I14+F14*1.65*J14,2) | M14: =ROUND(L14*0.0919,2) | N14: =ROUND(L14-M14,2) | O14: =ROUND(N14*0.2280,2) | P14: =ROUND(N14-O14,2)
A15: 0301 | B15: BEN SALAH ADEL | C15: Capoturno Linea 2 | D15: LINEA 2 | E15: 4 | F15: 11.82 | G15: 160 | H15: 0 | I15: 0 | J15: 16 | K15: 0 | L15: =ROUND(F15*G15+F15*1.30*H15+F15*1.55*I15+F15*1.65*J15,2) | M15: =ROUND(L15*0.0919,2) | N15: =ROUND(L15-M15,2) | O15: =ROUND(N15*0.2280,2) | P15: =ROUND(N15-O15,2)
A16: 0302 | B16: HOXHA FATJON | C16: Operaio Linea 2 | D16: LINEA 2 | E16: 6 | F16: 10.11 | G16: 160 | H16: 0 | I16: 0 | J16: 16 | K16: 0 | L16: =ROUND(F16*G16+F16*1.30*H16+F16*1.55*I16+F16*1.65*J16,2) | M16: =ROUND(L16*0.0919,2) | N16: =ROUND(L16-M16,2) | O16: =ROUND(N16*0.2280,2) | P16: =ROUND(N16-O16,2)
... A25: 0401 | B25: GUERRA ROBERTO | C25: Capoturno Linea 3 | D25: LINEA 3 | E25: 4 | F25: 11.82 | G25: 160 | H25: 10 | I25: 0 | J25: 0 | K25: 0 | L25: =ROUND(F25*G25+F25*1.30*H25+F25*1.55*I25+F25*1.65*J25,2) | M25: =ROUND(L25*0.0919,2) | N25: =ROUND(L25-M25,2) | O25: =ROUND(N25*0.2280,2) | P25: =ROUND(N25-O25,2)
A26: 0402 | B26: CORRADIN EMANUELE | C26: Operaio Linea 3 | D26: LINEA 3 | E26: 5 | F26: 10.64 | G26: 120 | H26: 6 | I26: 0 | J26: 0 | K26: 40 | L26: =ROUND(F26*G26+F26*1.30*H26+F26*1.55*I26+F26*1.65*J26,2) | M26: =ROUND(L26*0.0919,2) | N26: =ROUND(L26-M26,2) | O26: =ROUND(N26*0.2280,2) | P26: =ROUND(N26-O26,2) | Q26: infortunio 28/04 - assente 04-08/05, rientro 11/05 (pratica INAIL)
A27: 0403 | B27: ILIE PETRU | C27: Operaio Linea 3 | D27: LINEA 3 | E27: 6 | F27: 10.11 | G27: 160 | H27: 6 | I27: 0 | J27: 0 | K27: 0 | L27: =ROUND(F27*G27+F27*1.30*H27+F27*1.55*I27+F27*1.65*J27,2) | M27: =ROUND(L27*0.0919,2) | N27: =ROUND(L27-M27,2) | O27: =ROUND(N27*0.2280,2) | P27: =ROUND(N27-O27,2)
A28: 0404 | B28: MIOTTO SARA | C28: Operaia Linea 3 | D28: LINEA 3 | E28: 6 | F28: 10.11 | G28: 160 | H28: 6 | I28: 0 | J28: 0 | K28: 0 | L28: =ROUND(F28*G28+F28*1.30*H28+F28*1.55*I28+F28*1.65*J28,2) | M28: =ROUND(L28*0.0919,2) | N28: =ROUND(L28-M28,2) | O28: =ROUND(N28*0.2280,2) | P28: =ROUND(N28-O28,2)
A29: 0405 | B29: BOUZID KARIM | C29: Operaio Linea 3 | D29: LINEA 3 | E29: 6 | F29: 10.11 | G29: 160 | H29: 4 | I29: 0 | J29: 0 | K29: 0 | L29: =ROUND(F29*G29+F29*1.30*H29+F29*1.55*I29+F29*1.65*J29,2) | M29: =ROUND(L29*0.0919,2) | N29: =ROUND(L29-M29,2) | O29: =ROUND(N29*0.2280,2) | P29: =ROUND(N29-O29,2)
A30: 0406 | B30: TADIELLO FEDERICO | C30: Operaio Linea 3 | D30: LINEA 3 | E30: 5 | F30: 10.64 | G30: 160 | H30: 8 | I30: 0 | J30: 0 | K30: 0 | L30: =ROUND(F30*G30+F30*1.30*H30+F30*1.55*I30+F30*1.65*J30,2) | M30: =ROUND(L30*0.0919,2) | N30: =ROUND(L30-M30,2) | O30: =ROUND(N30*0.2280,2) | P30: =ROUND(N30-O30,2)
A31: 0407 | B31: MELNYK OLEG | C31: Operaio Linea 3 | D31: LINEA 3 | E31: 6 | F31: 10.11 | G31: 160 | H31: 2 | I31: 0 | J31: 0 | K31: 0 | L31: =ROUND(F31*G31+F31*1.30*H31+F31*1.55*I31+F31*1.65*J31,2) | M31: =ROUND(L31*0.0919,2) | N31: =ROUND(L31-M31,2) | O31: =ROUND(N31*0.2280,2) | P31: =ROUND(N31-O31,2)
A32: 0408 | B32: SBALCHIERO DAMIANO | C32: Operaio Linea 3 notte | D32: LINEA 3 | E32: 5 | F32: 10.64 | G32: 160 | H32: 0 | I32: 8 | J32: 0 | K32: 0 | L32: =ROUND(F32*G32+F32*1.30*H32+F32*1.55*I32+F32*1.65*J32,2) | M32: =ROUND(L32*0.0919,2) | N32: =ROUND(L32-M32,2) | O32: =ROUND(N32*0.2280,2) | P32: =ROUND(N32-O32,2)
A33: 0501 | B33: MAROBIN ANNA | C33: Operaia confezionamento | D33: CONFEZ. | E33: 6 | F33: 10.11 | G33: 160 | H33: 4 | I33: 0 | J33: 0 | K33: 0 | L33: =ROUND(F33*G33+F33*1.30*H33+F33*1.55*I33+F33*1.65*J33,2) | M33: =ROUND(L33*0.0919,2) | N33: =ROUND(L33-M33,2) | O33: =ROUND(N33*0.2280,2) | P33: =ROUND(N33-O33,2)
A34: 0502 | B34: PERETTO CHIARA | C34: Operaia confezionamento | D34: CONFEZ. | E34: 6 | F34: 10.11 | G34: 160 | H34: 4 | I34: 0 | J34: 0 | K34: 0 | L34: =ROUND(F34*G34+F34*1.30*H34+F34*1.55*I34+F34*1.65*J34,2) | M34: =ROUND(L34*0.0919,2) | N34: =ROUND(L34-M34,2) | O34: =ROUND(N34*0.2280,2) | P34: =ROUND(N34-O34,2)
A35: 0503 | B35: BA MAMADOU | C35: Operaio confezionamento | D35: CONFEZ. | E35: 6 | F35: 10.11 | G35: 160 | H35: 4 | I35: 0 | J35: 0 | K35: 0 | L35: =ROUND(F35*G35+F35*1.30*H35+F35*1.55*I35+F35*1.65*J35,2) | M35: =ROUND(L35*0.0919,2) | N35: =ROUND(L35-M35,2) | O35: =ROUND(N35*0.2280,2) | P35: =ROUND(N35-O35,2)
A36: 0504 | B36: FRIGO LUCIA | C36: Operaia confezionamento | D36: CONFEZ. | E36: 6 | F36: 10.11 | G36: 160 | H36: 0 | I36: 0 | J36: 8 | K36: 0 | L36: =ROUND(F36*G36+F36*1.30*H36+F36*1.55*I36+F36*1.65*J36,2) | M36: =ROUND(L36*0.0919,2) | N36: =ROUND(L36-M36,2) | O36: =ROUND(N36*0.2280,2) | P36: =ROUND(N36-O36,2)
A37: 0505 | B37: VISENTIN STEFANO | C37: Operaio confezionamento | D37: CONFEZ. | E37: 6 | F37: 10.11 | G37: 160 | H37: 0 | I37: 0 | J37: 8 | K37: 0 | L37: =ROUND(F37*G37+F37*1.30*H37+F37*1.55*I37+F37*1.65*J37,2) | M37: =ROUND(L37*0.0919,2) | N37: =ROUND(L37-M37,2) | O37: =ROUND(N37*0.2280,2) | P37: =ROUND(N37-O37,2)
A38: 0601 | B38: FAGGIONATO NICOLA | C38: Resp. magazzino e spedizioni | D38: MAGAZZ. | E38: 3 | F38: 13.44 | G38: 160 | H38: 0 | I38: 0 | J38: 8 | K38: 0 | L38: =ROUND(F38*G38+F38*1.30*H38+F38*1.55*I38+F38*1.65*J38,2) | M38: =ROUND(L38*0.0919,2) | N38: =ROUND(L38-M38,2) | O38: =ROUND(N38*0.2280,2) | P38: =ROUND(N38-O38,2)
... A41: 0604 | B41: MATTIELLO GIANLUCA | C41: Magazziniere | D41: MAGAZZ. | E41: 6 | F41: 10.11 | G41: 160 | H41: 0 | I41: 0 | J41: 0 | K41: 0 | L41: =ROUND(F41*G41+F41*1.30*H41+F41*1.55*I41+F41*1.65*J41,2) | M41: =ROUND(L41*0.0919,2) | N41: =ROUND(L41-M41,2) | O41: =ROUND(N41*0.2280,2) | P41: =ROUND(N41-O41,2)
A42: 0701 | B42: DAL MASO IVANO | C42: Capo officina | D42: MANUT. | E42: 3 | F42: 13.44 | G42: 160 | H42: 0 | I42: 0 | J42: 4 | K42: 0 | L42: =ROUND(F42*G42+F42*1.30*H42+F42*1.55*I42+F42*1.65*J42,2) | M42: =ROUND(L42*0.0919,2) | N42: =ROUND(L42-M42,2) | O42: =ROUND(N42*0.2280,2) | P42: =ROUND(N42-O42,2) | Q42: chiamata emergenza 10/05 - valvola azoto PKM-450
A43: 0702 | B43: BISSOLI MIRCO | C43: Manutentore notte | D43: MANUT. | E43: 4 | F43: 11.82 | G43: 144 | H43: 0 | I43: 12 | J43: 8 | K43: 16 | L43: =ROUND(F43*G43+F43*1.30*H43+F43*1.55*I43+F43*1.65*J43,2) | M43: =ROUND(L43*0.0919,2) | N43: =ROUND(L43-M43,2) | O43: =ROUND(N43*0.2280,2) | P43: =ROUND(N43-O43,2) | Q43: ferie 2 gg
B44: TOTALI | G44: =SUM(G5:G43) | H44: =SUM(H5:H43) | I44: =SUM(I5:I43) | J44: =SUM(J5:J43) | K44: =SUM(K5:K43) | L44: =SUM(L5:L43) | M44: =SUM(M5:M43) | N44: =SUM(N5:N43) | ... P44: =SUM(P5:P43)

Sheet Riepilogo
A1: Riepilogo per reparto - maggio 2026
A3: Reparto | B3: N. addetti | C3: Ore ordinarie | D3: Str. diurno | E3: Str. notturno | F3: Str. festivo | G3: Retrib. lorda | H3: Costo contributivo azienda | I3: Costo totale
A4: LINEA 1 | B4: =COUNTIF('Cedolini maggio'!$D$5:$D$43,A4) | C4: =SUMIF('Cedolini maggio'!$D$5:$D$43,$A4,'Cedolini maggio'!$G$5:$G$43) | D4: =SUMIF('Cedolini maggio'!$D$5:$D$43,$A4,'Cedolini maggio'!$H$5:$H$43) | E4: =SUMIF('Cedolini maggio'!$D$5:$D$43,$A4,'Cedolini maggio'!$I$5:$I$43) | F4: =SUMIF('Cedolini maggio'!$D$5:$D$43,$A4,'Cedolini maggio'!$J$5:$J$43) | G4: =SUMIF('Cedolini maggio'!$D$5:$D$43,$A4,'Cedolini maggio'!$L$5:$L$43) | H4: =ROUND(G4*0.3180,2) | I4: =ROUND(G4+H4,2)
A5: LINEA 2 | B5: =COUNTIF('Cedolini maggio'!$D$5:$D$43,A5) | C5: =SUMIF('Cedolini maggio'!$D$5:$D$43,$A5,'Cedolini maggio'!$G$5:$G$43) | D5: =SUMIF('Cedolini maggio'!$D$5:$D$43,$A5,'Cedolini maggio'!$H$5:$H$43) | E5: =SUMIF('Cedolini maggio'!$D$5:$D$43,$A5,'Cedolini maggio'!$I$5:$I$43) | F5: =SUMIF('Cedolini maggio'!$D$5:$D$43,$A5,'Cedolini maggio'!$J$5:$J$43) | G5: =SUMIF('Cedolini maggio'!$D$5:$D$43,$A5,'Cedolini maggio'!$L$5:$L$43) | H5: =ROUND(G5*0.3180,2) | I5: =ROUND(G5+H5,2)
A6: LINEA 3 | B6: =COUNTIF('Cedolini maggio'!$D$5:$D$43,A6) | C6: =SUMIF('Cedolini maggio'!$D$5:$D$43,$A6,'Cedolini maggio'!$G$5:$G$43) | D6: =SUMIF('Cedolini maggio'!$D$5:$D$43,$A6,'Cedolini maggio'!$H$5:$H$43) | E6: =SUMIF('Cedolini maggio'!$D$5:$D$43,$A6,'Cedolini maggio'!$I$5:$I$43) | F6: =SUMIF('Cedolini maggio'!$D$5:$D$43,$A6,'Cedolini maggio'!$J$5:$J$43) | G6: =SUMIF('Cedolini maggio'!$D$5:$D$43,$A6,'Cedolini maggio'!$L$5:$L$43) | H6: =ROUND(G6*0.3180,2) | I6: =ROUND(G6+H6,2)
A7: CONFEZ. | B7: =COUNTIF('Cedolini maggio'!$D$5:$D$43,A7) | C7: =SUMIF('Cedolini maggio'!$D$5:$D$43,$A7,'Cedolini maggio'!$G$5:$G$43) | D7: =SUMIF('Cedolini maggio'!$D$5:$D$43,$A7,'Cedolini maggio'!$H$5:$H$43) | E7: =SUMIF('Cedolini maggio'!$D$5:$D$43,$A7,'Cedolini maggio'!$I$5:$I$43) | F7: =SUMIF('Cedolini maggio'!$D$5:$D$43,$A7,'Cedolini maggio'!$J$5:$J$43) | G7: =SUMIF('Cedolini maggio'!$D$5:$D$43,$A7,'Cedolini maggio'!$L$5:$L$43) | H7: =ROUND(G7*0.3180,2) | I7: =ROUND(G7+H7,2)
A8: MAGAZZ. | B8: =COUNTIF('Cedolini maggio'!$D$5:$D$43,A8) | C8: =SUMIF('Cedolini maggio'!$D$5:$D$43,$A8,'Cedolini maggio'!$G$5:$G$43) | D8: =SUMIF('Cedolini maggio'!$D$5:$D$43,$A8,'Cedolini maggio'!$H$5:$H$43) | E8: =SUMIF('Cedolini maggio'!$D$5:$D$43,$A8,'Cedolini maggio'!$I$5:$I$43) | F8: =SUMIF('Cedolini maggio'!$D$5:$D$43,$A8,'Cedolini maggio'!$J$5:$J$43) | G8: =SUMIF('Cedolini maggio'!$D$5:$D$43,$A8,'Cedolini maggio'!$L$5:$L$43) | H8: =ROUND(G8*0.3180,2) | I8: =ROUND(G8+H8,2)
A9: MANUT. | B9: =COUNTIF('Cedolini maggio'!$D$5:$D$43,A9) | C9: =SUMIF('Cedolini maggio'!$D$5:$D$43,$A9,'Cedolini maggio'!$G$5:$G$43) | D9: =SUMIF('Cedolini maggio'!$D$5:$D$43,$A9,'Cedolini maggio'!$H$5:$H$43) | E9: =SUMIF('Cedolini maggio'!$D$5:$D$43,$A9,'Cedolini maggio'!$I$5:$I$43) | F9: =SUMIF('Cedolini maggio'!$D$5:$D$43,$A9,'Cedolini maggio'!$J$5:$J$43) | G9: =SUMIF('Cedolini maggio'!$D$5:$D$43,$A9,'Cedolini maggio'!$L$5:$L$43) | H9: =ROUND(G9*0.3180,2) | I9: =ROUND(G9+H9,2)
A10: TOTALE | B10: =SUM(B4:B9) | C10: =SUM(C4:C9) | D10: =SUM(D4:D9) | E10: =SUM(E4:E9) | F10: =SUM(F4:F9) | G10: =SUM(G4:G9) | H10: =SUM(H4:H9) | I10: =SUM(I4:I9)
A12: maggiorazioni applicate: straordinario diurno +30%, notturno +55%, festivo +65% (CCNL Industria Alimentare)
A13: domeniche lavorate a maggio: 10/05 e 17/05 (promo settimane 19-21); la terza, 24/05, era programmata e poi sospesa
A14: (Trentin) le ore festive del 10/05 comprendono la chiamata di emergenza di Dal Maso e il turno di Bissoli

Sheet Straordinari
A1: Straordinario per dipendente - progressivo annuo e limite di legge
A2: limite contrattuale 250 ore annue (art. 5 CCNL) - segnalati in rosso i superamenti
A4: Matricola | B4: Cognome e nome | C4: Reparto | D4: Str. gen-apr | E4: Str. maggio | F4: Progressivo | G4: Residuo su 250 | H4: Stato
A5: 0201 | B5: POPESCU IONUT | C5: LINEA 1 | D5: 55 | E5: ='Cedolini maggio'!H5+'Cedolini maggio'!I5+'Cedolini maggio'!J5 | F5: =D5+E5 | G5: =250-F5 | H5: =IF(F5>250,"SUPERATO",IF(F5>200,"in prossimita del limite","nella norma"))
A6: 0202 | B6: ROSSIN DAVIDE | C6: LINEA 1 | D6: 91 | E6: ='Cedolini maggio'!H6+'Cedolini maggio'!I6+'Cedolini maggio'!J6 | F6: =D6+E6 | G6: =250-F6 | H6: =IF(F6>250,"SUPERATO",IF(F6>200,"in prossimita del limite","nella norma"))
A7: 0203 | B7: PERIN LUCA | C7: LINEA 1 | D7: 48 | E7: ='Cedolini maggio'!H7+'Cedolini maggio'!I7+'Cedolini maggio'!J7 | F7: =D7+E7 | G7: =250-F7 | H7: =IF(F7>250,"SUPERATO",IF(F7>200,"in prossimita del limite","nella norma"))
A8: 0204 | B8: OSEI SAMUEL | C8: LINEA 1 | D8: 93 | E8: ='Cedolini maggio'!H8+'Cedolini maggio'!I8+'Cedolini maggio'!J8 | F8: =D8+E8 | G8: =250-F8 | H8: =IF(F8>250,"SUPERATO",IF(F8>200,"in prossimita del limite","nella norma"))
A9: 0205 | B9: VASILESCU ANDREI | C9: LINEA 1 | D9: 20 | E9: ='Cedolini maggio'!H9+'Cedolini maggio'!I9+'Cedolini maggio'!J9 | F9: =D9+E9 | G9: =250-F9 | H9: =IF(F9>250,"SUPERATO",IF(F9>200,"in prossimita del limite","nella norma"))
A10: 0206 | B10: BOGONI MARTA | C10: LINEA 1 | D10: 54 | E10: ='Cedolini maggio'!H10+'Cedolini maggio'!I10+'Cedolini maggio'!J10 | F10: =D10+E10 | G10: =250-F10 | H10: =IF(F10>250,"SUPERATO",IF(F10>200,"in prossimita del limite","nella norma"))
A11: 0207 | B11: FURLAN ALESSANDRO | C11: LINEA 1 | D11: 62 | E11: ='Cedolini maggio'!H11+'Cedolini maggio'!I11+'Cedolini maggio'!J11 | F11: =D11+E11 | G11: =250-F11 | H11: =IF(F11>250,"SUPERATO",IF(F11>200,"in prossimita del limite","nella norma"))
A12: 0208 | B12: EL AMRANI HASSAN | C12: LINEA 1 | D12: 82 | E12: ='Cedolini maggio'!H12+'Cedolini maggio'!I12+'Cedolini maggio'!J12 | F12: =D12+E12 | G12: =250-F12 | H12: =IF(F12>250,"SUPERATO",IF(F12>200,"in prossimita del limite","nella norma"))
A13: 0209 | B13: PELOSO GIORGIO | C13: LINEA 1 | D13: 76 | E13: ='Cedolini maggio'!H13+'Cedolini maggio'!I13+'Cedolini maggio'!J13 | F13: =D13+E13 | G13: =250-F13 | H13: =IF(F13>250,"SUPERATO",IF(F13>200,"in prossimita del limite","nella norma"))
A14: 0210 | B14: MUNTEANU CRISTIAN | C14: LINEA 1 | D14: 84 | E14: ='Cedolini maggio'!H14+'Cedolini maggio'!I14+'Cedolini maggio'!J14 | F14: =D14+E14 | G14: =250-F14 | H14: =IF(F14>250,"SUPERATO",IF(F14>200,"in prossimita del limite","nella norma"))
A15: 0301 | B15: BEN SALAH ADEL | C15: LINEA 2 | D15: 207 | E15: ='Cedolini maggio'!H15+'Cedolini maggio'!I15+'Cedolini maggio'!J15 | F15: =D15+E15 | G15: =250-F15 | H15: =IF(F15>250,"SUPERATO",IF(F15>200,"in prossimita del limite","nella norma"))
A16: 0302 | B16: HOXHA FATJON | C16: LINEA 2 | D16: 220 | E16: ='Cedolini maggio'!H16+'Cedolini maggio'!I16+'Cedolini maggio'!J16 | F16: =D16+E16 | G16: =250-F16 | H16: =IF(F16>250,"SUPERATO",IF(F16>200,"in prossimita del limite","nella norma"))
... A43: 0702 | B43: BISSOLI MIRCO | C43: MANUT. | D43: 24 | E43: ='Cedolini maggio'!H43+'Cedolini maggio'!I43+'Cedolini maggio'!J43 | F43: =D43+E43 | G43: =250-F43 | H43: =IF(F43>250,"SUPERATO",IF(F43>200,"in prossimita del limite","nella norma"))
A45: (Sartori) sei operai di Linea 2 sono oltre le 200 ore: e' il punto sollevato dalla RSU il 20/05.

Sheet Costo del lavoro
A1: Costo del lavoro - maggio 2026
A4: Retribuzione lorda del mese | B4: ='Cedolini maggio'!L44
A5: Contributi a carico azienda (28,5%) | B5: =B4*0.285
A6: Accantonamento TFR (7,41%) | B6: =B4*0.0741
A7: INAIL (tasso medio 2,8%) | B7: =B4*0.028
A8: COSTO AZIENDA DEL MESE | B8: =B4+B5+B6+B7
A10: Costo medio per addetto | B10: =B8/39
A11: Incidenza sul fatturato mensile (budget 1.100.000) | B11: =B8/1100000
A12: Costo del solo straordinario | B12: ='Cedolini maggio'!L44-('Cedolini maggio'!G44*10.8)
A14: (Trentin) il costo del mese e' sopra la media per via delle due domeniche. A giugno rientra.
