Workbook

Sheet Sett 19
A1: Piano di produzione Sett 19 - promo Sottocosto Primavera Tosano
A2: D. Zanella - stampato il venerdì precedente, modificato a mano durante la settimana
A5: Giorno | B5: Linea | C5: Turno | D5: Cod. art. | E5: Ordine cliente | F5: Pz da produrre | G5: Tempo ciclo (pz/h) | H5: Ore macchina | I5: Saturazione % | J5: Operai necessari | K5: Operai disponibili | L5: Scoperto | M5: Note
A6: lun 04/05 | B6: Linea 1 | C6: T1 | D6: AF-SN-0450 | E6: ORD-T1125 | F6: 8920 | G6: 1250 | H6: =F6/G6 | I6: =H6/8 | J6: 5 | K6: 5 | L6: =K6-J6
A7: lun 04/05 | B7: Linea 1 | C7: T2 | D7: AF-FC-0330 | E7: ORD-T1177 | F7: 3980 | G7: 1250 | H7: =F7/G7 | I7: =H7/8 | J7: 5 | K7: 5 | L7: =K7-J7
A8: lun 04/05 | B8: Linea 2 | C8: T1 | D8: AF-CR-0215 | E8: ORD-T1264 | F8: 6460 | G8: 780 | H8: =F8/G8 | I8: =H8/8 | J8: 7 | K8: 7 | L8: =K8-J8
A9: lun 04/05 | B9: Linea 2 | C9: T2 | D9: AF-CR-0215 | E9: ORD-T1377 | F9: 8340 | G9: 780 | H9: =F9/G9 | I9: =H9/8 | J9: 7 | K9: 7 | L9: =K9-J9
A10: lun 04/05 | B10: Linea 2 | C10: T3 | D10: AF-CR-0215 | E10: ORD-T1459 | F10: 6860 | G10: 780 | H10: =F10/G10 | I10: =H10/8 | J10: 7 | K10: 7 | L10: =K10-J10
A11: lun 04/05 | B11: Linea 3 | C11: T1 | D11: AF-CR-0212 | E11: ORD-T1206 | F11: 6760 | G11: 640 | H11: =F11/G11 | I11: =H11/8 | J11: 4 | K11: 4 | L11: =K11-J11
A12: mar 05/05 | B12: Linea 1 | C12: T1 | D12: AF-SN-0450 | E12: ORD-T1356 | F12: 7600 | G12: 1250 | H12: =F12/G12 | I12: =H12/8 | J12: 5 | K12: 5 | L12: =K12-J12
A13: mar 05/05 | B13: Linea 1 | C13: T2 | D13: AF-SN-0450 | E13: ORD-T1255 | F13: 6000 | G13: 1250 | H13: =F13/G13 | I13: =H13/8 | J13: 5 | K13: 5 | L13: =K13-J13
A14: mar 05/05 | B14: Linea 2 | C14: T1 | D14: AF-CR-0215 | E14: ORD-T1477 | F14: 8080 | G14: 780 | H14: =F14/G14 | I14: =H14/8 | J14: 7 | K14: 7 | L14: =K14-J14
A15: mar 05/05 | B15: Linea 2 | C15: T2 | D15: AF-CR-0215 | E15: ORD-T1298 | F15: 3280 | G15: 780 | H15: =F15/G15 | I15: =H15/8 | J15: 7 | K15: 7 | L15: =K15-J15
A16: mar 05/05 | B16: Linea 2 | C16: T3 | D16: AF-CR-0215 | E16: ORD-T1148 | F16: 6360 | G16: 780 | H16: =F16/G16 | I16: =H16/8 | J16: 7 | K16: 7 | L16: =K16-J16
A17: mar 05/05 | B17: Linea 3 | C17: T1 | D17: AF-CR-0212 | E17: ORD-T1106 | F17: 8900 | G17: 640 | H17: =F17/G17 | I17: =H17/8 | J17: 4 | K17: 4 | L17: =K17-J17
... A41: sab 09/05 | B41: Linea 3 | C41: T1 | D41: AF-CR-0212 | E41: ORD-T1165 | F41: 7340 | G41: 640 | H41: =F41/G41 | I41: =H41/8 | J41: 4 | K41: 4 | L41: =K41-J41
A42: dom 10/05 | B42: Linea 2 | C42: T1 | D42: AF-CR-0215 | E42: ORD-T1462 | F42: 7760 | G42: 780 | H42: =F42/G42 | I42: =H42/8 | J42: 7 | K42: 6 | L42: =K42-J42 | M42: 3a domenica consecutiva - RSU ha protestato
A43: dom 10/05 | B43: Linea 2 | C43: T2 | D43: AF-CR-0215 | E43: ORD-T1151 | F43: 4400 | G43: 780 | H43: =F43/G43 | I43: =H43/8 | J43: 7 | K43: 4 | L43: =K43-J43 | M43: 3a domenica consecutiva - RSU ha protestato
A45: totale pz settimana | F45: =SUM(F6:F43)
A46: ore macchina totali | H46: =SUM(H6:H43)
A48: (D.Z. a penna) il 10/05 turno 2 linea 1 SALTATO dalle 15 - confezionatrice ferma. Recupero lunedì.

Sheet Sett 20
A1: Piano di produzione Sett 20 - promo Sottocosto Primavera Tosano
A2: D. Zanella - stampato il venerdì precedente, modificato a mano durante la settimana
A5: Giorno | B5: Linea | C5: Turno | D5: Cod. art. | E5: Ordine cliente | F5: Pz da produrre | G5: Tempo ciclo (pz/h) | H5: Ore macchina | I5: Saturazione % | J5: Operai necessari | K5: Operai disponibili | L5: Scoperto | M5: Note
A6: lun 11/05 | B6: Linea 1 | C6: T1 | D6: AF-SN-0450 | E6: ORD-T1477 | F6: 6620 | G6: 1250 | H6: =F6/G6 | I6: =H6/8 | J6: 5 | K6: 5 | L6: =K6-J6 | M6: recupero produzione persa per fermo PKM-450 del 10/05
A7: lun 11/05 | B7: Linea 1 | C7: T2 | D7: AF-SN-0450 | E7: ORD-T1161 | F7: 9040 | G7: 1250 | H7: =F7/G7 | I7: =H7/8 | J7: 5 | K7: 5 | L7: =K7-J7 | M7: recupero produzione persa per fermo PKM-450 del 10/05
A8: lun 11/05 | B8: Linea 2 | C8: T1 | D8: AF-CR-0215 | E8: ORD-T1273 | F8: 6360 | G8: 780 | H8: =F8/G8 | I8: =H8/8 | J8: 7 | K8: 7 | L8: =K8-J8 | M8: recupero produzione persa per fermo PKM-450 del 10/05
A9: lun 11/05 | B9: Linea 2 | C9: T2 | D9: AF-CR-0215 | E9: ORD-T1165 | F9: 6660 | G9: 780 | H9: =F9/G9 | I9: =H9/8 | J9: 7 | K9: 7 | L9: =K9-J9 | M9: recupero produzione persa per fermo PKM-450 del 10/05
A10: lun 11/05 | B10: Linea 2 | C10: T3 | D10: AF-CR-0215 | E10: ORD-T1409 | F10: 6020 | G10: 780 | H10: =F10/G10 | I10: =H10/8 | J10: 7 | K10: 7 | L10: =K10-J10 | M10: recupero produzione persa per fermo PKM-450 del 10/05
A11: lun 11/05 | B11: Linea 3 | C11: T1 | D11: AF-CR-0212 | E11: ORD-T1169 | F11: 5180 | G11: 640 | H11: =F11/G11 | I11: =H11/8 | J11: 4 | K11: 4 | L11: =K11-J11 | M11: recupero produzione persa per fermo PKM-450 del 10/05
A12: mar 12/05 | B12: Linea 1 | C12: T1 | D12: AF-SN-0450 | E12: ORD-T1146 | F12: 8100 | G12: 1250 | H12: =F12/G12 | I12: =H12/8 | J12: 5 | K12: 5 | L12: =K12-J12
A13: mar 12/05 | B13: Linea 1 | C13: T2 | D13: AF-SN-0450 | E13: ORD-T1122 | F13: 5540 | G13: 1250 | H13: =F13/G13 | I13: =H13/8 | J13: 5 | K13: 5 | L13: =K13-J13
A14: mar 12/05 | B14: Linea 2 | C14: T1 | D14: AF-CR-0215 | E14: ORD-T1124 | F14: 7800 | G14: 780 | H14: =F14/G14 | I14: =H14/8 | J14: 7 | K14: 7 | L14: =K14-J14
A15: mar 12/05 | B15: Linea 2 | C15: T2 | D15: AF-CR-0215 | E15: ORD-T1355 | F15: 7080 | G15: 780 | H15: =F15/G15 | I15: =H15/8 | J15: 7 | K15: 7 | L15: =K15-J15
A16: mar 12/05 | B16: Linea 2 | C16: T3 | D16: AF-CR-0215 | E16: ORD-T1193 | F16: 5400 | G16: 780 | H16: =F16/G16 | I16: =H16/8 | J16: 7 | K16: 7 | L16: =K16-J16
A17: mar 12/05 | B17: Linea 3 | C17: T1 | D17: AF-CR-0212 | E17: ORD-T1374 | F17: 5260 | G17: 640 | H17: =F17/G17 | I17: =H17/8 | J17: 4 | K17: 4 | L17: =K17-J17
A18: mer 13/05 | B18: Linea 1 | C18: T1 | D18: AF-SN-0450 | E18: ORD-T1213 | F18: 6620 | G18: 1250 | H18: =F18/G18 | I18: =H18/8 | J18: 5 | K18: 5 | L18: =K18-J18
A19: mer 13/05 | B19: Linea 1 | C19: T2 | D19: AF-SN-0450 | E19: ORD-T1278 | F19: 3560 | G19: 1250 | H19: =F19/G19 | I19: =H19/8 | J19: 5 | K19: 5 | L19: =K19-J19
A20: mer 13/05 | B20: Linea 2 | C20: T1 | D20: AF-CR-0215 | E20: ORD-T1120 | F20: 8220 | G20: 780 | H20: =F20/G20 | I20: =H20/8 | J20: 7 | K20: 7 | L20: =K20-J20
A21: mer 13/05 | B21: Linea 2 | C21: T2 | D21: AF-CR-0215 | E21: ORD-T1308 | F21: 6720 | G21: 780 | H21: =F21/G21 | I21: =H21/8 | J21: 7 | K21: 7 | L21: =K21-J21
A22: mer 13/05 | B22: Linea 2 | C22: T3 | D22: AF-CR-0215 | E22: ORD-T1236 | F22: 4180 | G22: 780 | H22: =F22/G22 | I22: =H22/8 | J22: 7 | K22: 7 | L22: =K22-J22
A23: mer 13/05 | B23: Linea 3 | C23: T1 | D23: AF-CR-0212 | E23: ORD-T1393 | F23: 4580 | G23: 640 | H23: =F23/G23 | I23: =H23/8 | J23: 4 | K23: 4 | L23: =K23-J23
... A41: sab 16/05 | B41: Linea 3 | C41: T1 | D41: AF-CR-0212 | E41: ORD-T1195 | F41: 8260 | G41: 640 | H41: =F41/G41 | I41: =H41/8 | J41: 4 | K41: 4 | L41: =K41-J41
A42: dom 17/05 | B42: Linea 2 | C42: T1 | D42: AF-CR-0215 | E42: ORD-T1423 | F42: 5640 | G42: 780 | H42: =F42/G42 | I42: =H42/8 | J42: 7 | K42: 4 | L42: =K42-J42 | M42: DOMENICA - maggiorazione festiva, personale su base volontaria
A43: dom 17/05 | B43: Linea 2 | C43: T2 | D43: AF-CR-0215 | E43: ORD-T1347 | F43: 3820 | G43: 780 | H43: =F43/G43 | I43: =H43/8 | J43: 7 | K43: 6 | L43: =K43-J43 | M43: DOMENICA - maggiorazione festiva, personale su base volontaria
A45: totale pz settimana | F45: =SUM(F6:F43)
A46: ore macchina totali | H46: =SUM(H6:H43)

Sheet Sett 21
A1: Piano di produzione Sett 21 - promo Sottocosto Primavera Tosano
A2: D. Zanella - stampato il venerdì precedente, modificato a mano durante la settimana
A5: Giorno | B5: Linea | C5: Turno | D5: Cod. art. | E5: Ordine cliente | F5: Pz da produrre | G5: Tempo ciclo (pz/h) | H5: Ore macchina | I5: Saturazione % | J5: Operai necessari | K5: Operai disponibili | L5: Scoperto | M5: Note
A6: lun 18/05 | B6: Linea 1 | C6: T1 | D6: AF-SN-0450 | E6: ORD-T1187 | F6: 6620 | G6: 1250 | H6: =F6/G6 | I6: =H6/8 | J6: 5 | K6: 5 | L6: =K6-J6
A7: lun 18/05 | B7: Linea 1 | C7: T2 | D7: AF-SN-0450 | E7: ORD-T1192 | F7: 3540 | G7: 1250 | H7: =F7/G7 | I7: =H7/8 | J7: 5 | K7: 5 | L7: =K7-J7
A8: lun 18/05 | B8: Linea 2 | C8: T1 | D8: AF-CR-0215 | E8: ORD-T1163 | F8: 9180 | G8: 780 | H8: =F8/G8 | I8: =H8/8 | J8: 7 | K8: 7 | L8: =K8-J8
A9: lun 18/05 | B9: Linea 2 | C9: T2 | D9: AF-CR-0215 | E9: ORD-T1330 | F9: 4200 | G9: 780 | H9: =F9/G9 | I9: =H9/8 | J9: 7 | K9: 7 | L9: =K9-J9
A10: lun 18/05 | B10: Linea 2 | C10: T3 | D10: AF-CR-0215 | E10: ORD-T1451 | F10: 4420 | G10: 780 | H10: =F10/G10 | I10: =H10/8 | J10: 7 | K10: 7 | L10: =K10-J10
A11: lun 18/05 | B11: Linea 3 | C11: T1 | D11: AF-CR-0212 | E11: ORD-T1181 | F11: 7200 | G11: 640 | H11: =F11/G11 | I11: =H11/8 | J11: 4 | K11: 4 | L11: =K11-J11
A12: mar 19/05 | B12: Linea 1 | C12: T1 | D12: AF-SN-0450 | E12: ORD-T1209 | F12: 8980 | G12: 1250 | H12: =F12/G12 | I12: =H12/8 | J12: 5 | K12: 5 | L12: =K12-J12
A13: mar 19/05 | B13: Linea 1 | C13: T2 | D13: AF-SN-0450 | E13: ORD-T1499 | F13: 8000 | G13: 1250 | H13: =F13/G13 | I13: =H13/8 | J13: 5 | K13: 5 | L13: =K13-J13
A14: mar 19/05 | B14: Linea 2 | C14: T1 | D14: AF-CR-0215 | E14: ORD-T1382 | F14: 5900 | G14: 780 | H14: =F14/G14 | I14: =H14/8 | J14: 7 | K14: 7 | L14: =K14-J14
A15: mar 19/05 | B15: Linea 2 | C15: T2 | D15: AF-CR-0215 | E15: ORD-T1159 | F15: 4200 | G15: 780 | H15: =F15/G15 | I15: =H15/8 | J15: 7 | K15: 7 | L15: =K15-J15
A16: mar 19/05 | B16: Linea 2 | C16: T3 | D16: AF-CR-0215 | E16: ORD-T1257 | F16: 8440 | G16: 780 | H16: =F16/G16 | I16: =H16/8 | J16: 7 | K16: 7 | L16: =K16-J16
A17: mar 19/05 | B17: Linea 3 | C17: T1 | D17: AF-CR-0212 | E17: ORD-T1453 | F17: 4080 | G17: 640 | H17: =F17/G17 | I17: =H17/8 | J17: 4 | K17: 4 | L17: =K17-J17
... A41: sab 23/05 | B41: Linea 3 | C41: T1 | D41: AF-CR-0212 | E41: ORD-T1378 | F41: 7240 | G41: 640 | H41: =F41/G41 | I41: =H41/8 | J41: 4 | K41: 4 | L41: =K41-J41
A42: dom 24/05 | B42: Linea 2 | C42: T1 | D42: AF-CR-0215 | E42: ORD-T1416 | F42: 6520 | G42: 780 | H42: =F42/G42 | I42: =H42/8 | J42: 7 | K42: 4 | L42: =K42-J42 | M42: DOMENICA - maggiorazione festiva, personale su base volontaria
A43: dom 24/05 | B43: Linea 2 | C43: T2 | D43: AF-CR-0215 | E43: ORD-T1438 | F43: 4320 | G43: 780 | H43: =F43/G43 | I43: =H43/8 | J43: 7 | K43: 4 | L43: =K43-J43 | M43: DOMENICA - maggiorazione festiva, personale su base volontaria
A45: totale pz settimana | F45: =SUM(F6:F43)
A46: ore macchina totali | H46: =SUM(H6:H43)

Sheet Fabbisogno MP
A1: Fabbisogno materie prime calcolato dal piano - settimane 19-21
A5: Materia prima | B5: Fornitore | C5: UM | D5: Consumo unit. (per 1000 pz) | E5: Pz pianificati | F5: Fabbisogno | G5: Giacenza | H5: Da ordinare | I5: Lead time gg | J5: Ordine entro
A6: Farina tipo 0 W300 | B6: Molino Veneto SpA | C6: kg | D6: 112 | E6: =SUM('Sett 19'!F:F)+SUM('Sett 20'!F:F)+SUM('Sett 21'!F:F) | F6: =E6/1000*D6 | G6: 18400 | H6: =MAX(0,F6-G6) | I6: 3 | J6: 29/04/2026
A7: Farina tipo 00 | B7: Molino Veneto SpA | C7: kg | D7: 64.5 | E7: =SUM('Sett 19'!F:F)+SUM('Sett 20'!F:F)+SUM('Sett 21'!F:F) | F7: =E7/1000*D7 | G7: 9200 | H7: =MAX(0,F7-G7) | I7: 3 | J7: 29/04/2026
A8: Olio girasole alto oleico | B8: Oleificio Adriatico SpA | C8: kg | D8: 18.2 | E8: =SUM('Sett 19'!F:F)+SUM('Sett 20'!F:F)+SUM('Sett 21'!F:F) | F8: =E8/1000*D8 | G8: 1850 | H8: =MAX(0,F8-G8) | I8: 7 | J8: 25/04/2026
A9: Burro 82% | B9: Latteria Bassanese | C9: kg | D9: 41 | E9: =SUM('Sett 19'!F:F)+SUM('Sett 20'!F:F)+SUM('Sett 21'!F:F) | F9: =E9/1000*D9 | G9: 2100 | H9: =MAX(0,F9-G9) | I9: 2 | J9: 04/05/2026
A10: Lievito compresso | B10: Lievital Srl | C10: kg | D10: 4.8 | E10: =SUM('Sett 19'!F:F)+SUM('Sett 20'!F:F)+SUM('Sett 21'!F:F) | F10: =E10/1000*D10 | G10: 180 | H10: =MAX(0,F10-G10) | I10: 2 | J10: 05/05/2026
A11: Zucchero | B11: Zuccherificio Padano Srl | C11: kg | D11: 9.1 | E11: =SUM('Sett 19'!F:F)+SUM('Sett 20'!F:F)+SUM('Sett 21'!F:F) | F11: =E11/1000*D11 | G11: 1400 | H11: =MAX(0,F11-G11) | I11: 5 | J11: 01/05/2026
A12: Semi misti tostati | B12: fornitore terzo | C12: kg | D12: 3.4 | E12: =SUM('Sett 19'!F:F)+SUM('Sett 20'!F:F)+SUM('Sett 21'!F:F) | F12: =E12/1000*D12 | G12: 290 | H12: =MAX(0,F12-G12) | I12: 10 | J12: 20/04/2026
A13: Film MAP PP/EVOH | B13: Flexipack Nordest Srl | C13: kg | D13: 7.9 | E13: =SUM('Sett 19'!F:F)+SUM('Sett 20'!F:F)+SUM('Sett 21'!F:F) | F13: =E13/1000*D13 | G13: 640 | H13: =MAX(0,F13-G13) | I13: 15 | J13: 15/04/2026
A14: Vaschette PP 100 g | B14: Flexipack Nordest Srl | C14: pz | D14: 1000 | E14: =SUM('Sett 19'!F:F)+SUM('Sett 20'!F:F)+SUM('Sett 21'!F:F) | F14: =E14/1000*D14 | G14: 42000 | H14: =MAX(0,F14-G14) | I14: 15 | J14: 15/04/2026
A15: Cartone ondulato | B15: Rational Pack Srl | C15: pz | D15: 84 | E15: =SUM('Sett 19'!F:F)+SUM('Sett 20'!F:F)+SUM('Sett 21'!F:F) | F15: =E15/1000*D15 | G15: 9800 | H15: =MAX(0,F15-G15) | I15: 7 | J15: 27/04/2026
A16: Azoto alimentare E941 | B16: Nordgas SpA | C16: m3 | D16: 1.9 | E16: =SUM('Sett 19'!F:F)+SUM('Sett 20'!F:F)+SUM('Sett 21'!F:F) | F16: =E16/1000*D16 | G16: 320 | H16: =MAX(0,F16-G16) | I16: 4 | J16: 03/05/2026
A18: (N.F.) il film MAP ha lead time 15 gg e ne restano 4 bobine: se la promo si allunga siamo scoperti
