Workbook

Sheet Criteri
A1: Vendor rating fornitori - criteri e pesi
A2: approvato nel riesame della direzione del 12/03/2026
A5: Criterio | B5: Peso % | C5: Scala | D5: Fonte del dato | E5: Note
A6: Qualità (conformità forniture) | B6: 35 | C6: 0-100 | D6: NC fornitore / n. consegne | E6: peso alzato dopo l'audit
A7: Puntualità consegne | B7: 25 | C7: 0-100 | D7: OTIF da gestionale | E7: calcolato a mano, il gestionale non lo fa
A8: Competitività prezzo | B8: 15 | C8: 0-100 | D8: confronto con 2 offerte | E8: non sempre disponibile
A9: Documentazione (CoA, DoC, certificazioni) | B9: 15 | C9: 0-100 | D9: check QA all'accettazione | E9: requisito BRCGS cl. 3.5
A10: Reattività / assistenza | B10: 10 | C10: 0-100 | D10: valutazione soggettiva acquisti
A11: TOTALE PESI | B11: =SUM(B6:B10)

Sheet Valutazione
A1: Valutazione fornitori 2026 - punteggio ponderato
A5: Cod. | B5: Fornitore | C5: Categoria | D5: Qualità | E5: Puntualità | F5: Prezzo | G5: Documenti | H5: Reattività | I5: Punteggio | J5: Classe | K5: Azione | L5: Ultimo audit
A6: F0012 | B6: Molino Veneto SpA | C6: farine | D6: 92 | E6: 88 | F6: 74 | G6: 96 | H6: 85 | I6: =ROUND(D6*Criteri!$B$6/100+E6*Criteri!$B$7/100+F6*Criteri!$B$8/100+G6*Criteri!$B$9/100+H6*Criteri!$B$10/100,1) | J6: =IF(I6>=85,"A",IF(I6>=70,"B","C")) | K6: =IF(J6="C","audit straordinario + piano di rientro",IF(J6="B","monitoraggio","nessuna")) | L6: 20/09/2025
A7: F0018 | B7: Oleificio Adriatico SpA | C7: oli e grassi | D7: 88 | E7: 74 | F7: 52 | G7: 90 | H7: 70 | I7: =ROUND(D7*Criteri!$B$6/100+E7*Criteri!$B$7/100+F7*Criteri!$B$8/100+G7*Criteri!$B$9/100+H7*Criteri!$B$10/100,1) | J7: =IF(I7>=85,"A",IF(I7>=70,"B","C")) | K7: =IF(J7="C","audit straordinario + piano di rientro",IF(J7="B","monitoraggio","nessuna")) | L7: 14/11/2025
A8: F0021 | B8: Latteria Bassanese Soc. Coop. | C8: burro e panna | D8: 95 | E8: 91 | F8: 80 | G8: 94 | H8: 88 | I8: =ROUND(D8*Criteri!$B$6/100+E8*Criteri!$B$7/100+F8*Criteri!$B$8/100+G8*Criteri!$B$9/100+H8*Criteri!$B$10/100,1) | J8: =IF(I8>=85,"A",IF(I8>=70,"B","C")) | K8: =IF(J8="C","audit straordinario + piano di rientro",IF(J8="B","monitoraggio","nessuna")) | L8: 03/10/2025
A9: F0025 | B9: Zuccherificio Padano Srl | C9: zuccheri | D9: 90 | E9: 86 | F9: 78 | G9: 88 | H9: 75 | I9: =ROUND(D9*Criteri!$B$6/100+E9*Criteri!$B$7/100+F9*Criteri!$B$8/100+G9*Criteri!$B$9/100+H9*Criteri!$B$10/100,1) | J9: =IF(I9>=85,"A",IF(I9>=70,"B","C")) | K9: =IF(J9="C","audit straordinario + piano di rientro",IF(J9="B","monitoraggio","nessuna"))
A10: F0029 | B10: Lievital Srl | C10: lieviti | D10: 64 | E10: 72 | F10: 84 | G10: 58 | H10: 66 | I10: =ROUND(D10*Criteri!$B$6/100+E10*Criteri!$B$7/100+F10*Criteri!$B$8/100+G10*Criteri!$B$9/100+H10*Criteri!$B$10/100,1) | J10: =IF(I10>=85,"A",IF(I10>=70,"B","C")) | K10: =IF(J10="C","audit straordinario + piano di rientro",IF(J10="B","monitoraggio","nessuna")) | L10: 22/01/2026
A11: F0031 | B11: Euroglass Boccacci Srl | C11: imballi vetro | D11: 86 | E11: 68 | F11: 72 | G11: 82 | H11: 74 | I11: =ROUND(D11*Criteri!$B$6/100+E11*Criteri!$B$7/100+F11*Criteri!$B$8/100+G11*Criteri!$B$9/100+H11*Criteri!$B$10/100,1) | J11: =IF(I11>=85,"A",IF(I11>=70,"B","C")) | K11: =IF(J11="C","audit straordinario + piano di rientro",IF(J11="B","monitoraggio","nessuna"))
A12: F0044 | B12: Flexipack Nordest Srl | C12: imballi flessibili MOCA | D12: 91 | E12: 84 | F12: 70 | G12: 97 | H12: 90 | I12: =ROUND(D12*Criteri!$B$6/100+E12*Criteri!$B$7/100+F12*Criteri!$B$8/100+G12*Criteri!$B$9/100+H12*Criteri!$B$10/100,1) | J12: =IF(I12>=85,"A",IF(I12>=70,"B","C")) | K12: =IF(J12="C","audit straordinario + piano di rientro",IF(J12="B","monitoraggio","nessuna")) | L12: 05/02/2026
A13: F0052 | B13: Chemifood Italia Srl | C13: detergenti CIP | D13: 88 | E13: 92 | F13: 66 | G13: 95 | H13: 86 | I13: =ROUND(D13*Criteri!$B$6/100+E13*Criteri!$B$7/100+F13*Criteri!$B$8/100+G13*Criteri!$B$9/100+H13*Criteri!$B$10/100,1) | J13: =IF(I13>=85,"A",IF(I13>=70,"B","C")) | K13: =IF(J13="C","audit straordinario + piano di rientro",IF(J13="B","monitoraggio","nessuna"))
A14: F0061 | B14: Nordgas SpA | C14: gas alimentari | D14: 94 | E14: 90 | F14: 74 | G14: 92 | H14: 80 | I14: =ROUND(D14*Criteri!$B$6/100+E14*Criteri!$B$7/100+F14*Criteri!$B$8/100+G14*Criteri!$B$9/100+H14*Criteri!$B$10/100,1) | J14: =IF(I14>=85,"A",IF(I14>=70,"B","C")) | K14: =IF(J14="C","audit straordinario + piano di rientro",IF(J14="B","monitoraggio","nessuna"))
A15: F0077 | B15: Pakmatic Italia Srl | C15: ricambi confezionatrici | D15: 82 | E15: 48 | F15: 60 | G15: 78 | H15: 54 | I15: =ROUND(D15*Criteri!$B$6/100+E15*Criteri!$B$7/100+F15*Criteri!$B$8/100+G15*Criteri!$B$9/100+H15*Criteri!$B$10/100,1) | J15: =IF(I15>=85,"A",IF(I15>=70,"B","C")) | K15: =IF(J15="C","audit straordinario + piano di rientro",IF(J15="B","monitoraggio","nessuna"))
A16: F0090 | B16: Analytica Veneta Srl | C16: laboratorio esterno | D16: 96 | E16: 88 | F16: 58 | G16: 98 | H16: 92 | I16: =ROUND(D16*Criteri!$B$6/100+E16*Criteri!$B$7/100+F16*Criteri!$B$8/100+G16*Criteri!$B$9/100+H16*Criteri!$B$10/100,1) | J16: =IF(I16>=85,"A",IF(I16>=70,"B","C")) | K16: =IF(J16="C","audit straordinario + piano di rientro",IF(J16="B","monitoraggio","nessuna")) | L16: 18/12/2025
A17: F0095 | B17: Rational Pack Srl | C17: cartone | D17: 84 | E17: 80 | F17: 86 | G17: 76 | H17: 78 | I17: =ROUND(D17*Criteri!$B$6/100+E17*Criteri!$B$7/100+F17*Criteri!$B$8/100+G17*Criteri!$B$9/100+H17*Criteri!$B$10/100,1) | J17: =IF(I17>=85,"A",IF(I17>=70,"B","C")) | K17: =IF(J17="C","audit straordinario + piano di rientro",IF(J17="B","monitoraggio","nessuna"))
B19: (E.M.) Pakmatic è in classe C sulla puntualità e ci è costato un fermo di 3h40. Va aperta la NC fornitore.
B20: (E.M.) Lievital: 2 lotti fuori specifica in 4 mesi + documentazione incompleta. Audit da fare entro giugno.

Sheet Storico NC
A1: Non conformità fornitore 2025-2026
A5: N. | B5: Data | C5: Fornitore | D5: Lotto | E5: Descrizione | F5: Qtà | G5: Azione | H5: Costo € | I5: Stato
A6: 1 | B6: 08/09/2025 | C6: Lievital Srl | D6: LV25-2210 | E6: attività fermentativa sotto specifica | F6: 40 kg | G6: reso e sostituzione | H6: 620 | I6: chiusa
A7: 2 | B7: 14/11/2025 | C7: Oleificio Adriatico SpA | D7: OA-2511-042 | E7: consegna con 6 gg di ritardo | F7: - | G7: richiamo scritto | H7: 0 | I7: chiusa
A8: 3 | B8: 22/01/2026 | C8: Lievital Srl | D8: LV26-0104 | E8: CoA mancante alla consegna | F8: 180 kg | G8: accettato con riserva | H8: 0 | I8: chiusa
A9: 4 | B9: 11/02/2026 | C9: Euroglass Boccacci Srl | D9: EG26-0088 | E9: 2 pedane con film protettivo lacerato | F9: - | G9: accettato con riserva | H9: 0 | I9: chiusa
A10: 5 | B10: 05/03/2026 | C10: Molino Veneto SpA | D10: MV26-0211 | E10: W alveografico 278 vs 300±20 richiesto | F10: 4200 kg | G10: deroga QA + sconto 3% | H10: 1260 | I10: chiusa
A11: 6 | B11: 18/04/2026 | C11: Pakmatic Italia Srl | D11: - | E11: ricambio valvola N2 non disponibile a magazzino | F11: - | G11: sollecito | H11: 0 | I11: aperta
A12: 7 | B12: 08/05/2026 | C12: Pakmatic Italia Srl | D12: - | E12: tempo di consegna ricambio 7 gg su 48h contrattuali | F12: - | G12: NC formale + richiesta penale | H12: 4800 | I12: aperta
A13: 8 | B13: 12/05/2026 | C13: Flexipack Nordest Srl | D13: FX26-0338 | E13: verifica su richiesta - film conforme, nessuna NC | F13: - | G13: chiusa senza rilievi | H13: 0 | I13: chiusa
A14: 9 | B14: 20/05/2026 | C14: Lievital Srl | D14: LV26-1180 | E14: lotto consegnato con TMC residuo 14 gg | F14: 210 kg | G14: reso parziale | H14: 380 | I14: aperta

Sheet Classifica
A1: Classifica fornitori - estratto per la direzione
A5: Pos. | B5: Fornitore | C5: Punteggio | D5: Classe
A6: 1 | B6: =INDEX(Valutazione!$B$6:$B$17,MATCH(LARGE(Valutazione!$I$6:$I$17,A6),Valutazione!$I$6:$I$17,0)) | C6: =LARGE(Valutazione!$I$6:$I$17,A6) | D6: =IF(C6>=85,"A",IF(C6>=70,"B","C"))
A7: 2 | B7: =INDEX(Valutazione!$B$6:$B$17,MATCH(LARGE(Valutazione!$I$6:$I$17,A7),Valutazione!$I$6:$I$17,0)) | C7: =LARGE(Valutazione!$I$6:$I$17,A7) | D7: =IF(C7>=85,"A",IF(C7>=70,"B","C"))
A8: 3 | B8: =INDEX(Valutazione!$B$6:$B$17,MATCH(LARGE(Valutazione!$I$6:$I$17,A8),Valutazione!$I$6:$I$17,0)) | C8: =LARGE(Valutazione!$I$6:$I$17,A8) | D8: =IF(C8>=85,"A",IF(C8>=70,"B","C"))
A9: 4 | B9: =INDEX(Valutazione!$B$6:$B$17,MATCH(LARGE(Valutazione!$I$6:$I$17,A9),Valutazione!$I$6:$I$17,0)) | C9: =LARGE(Valutazione!$I$6:$I$17,A9) | D9: =IF(C9>=85,"A",IF(C9>=70,"B","C"))
A10: 5 | B10: =INDEX(Valutazione!$B$6:$B$17,MATCH(LARGE(Valutazione!$I$6:$I$17,A10),Valutazione!$I$6:$I$17,0)) | C10: =LARGE(Valutazione!$I$6:$I$17,A10) | D10: =IF(C10>=85,"A",IF(C10>=70,"B","C"))
A11: 6 | B11: =INDEX(Valutazione!$B$6:$B$17,MATCH(LARGE(Valutazione!$I$6:$I$17,A11),Valutazione!$I$6:$I$17,0)) | C11: =LARGE(Valutazione!$I$6:$I$17,A11) | D11: =IF(C11>=85,"A",IF(C11>=70,"B","C"))
A12: 7 | B12: =INDEX(Valutazione!$B$6:$B$17,MATCH(LARGE(Valutazione!$I$6:$I$17,A12),Valutazione!$I$6:$I$17,0)) | C12: =LARGE(Valutazione!$I$6:$I$17,A12) | D12: =IF(C12>=85,"A",IF(C12>=70,"B","C"))
A13: 8 | B13: =INDEX(Valutazione!$B$6:$B$17,MATCH(LARGE(Valutazione!$I$6:$I$17,A13),Valutazione!$I$6:$I$17,0)) | C13: =LARGE(Valutazione!$I$6:$I$17,A13) | D13: =IF(C13>=85,"A",IF(C13>=70,"B","C"))
A14: 9 | B14: =INDEX(Valutazione!$B$6:$B$17,MATCH(LARGE(Valutazione!$I$6:$I$17,A14),Valutazione!$I$6:$I$17,0)) | C14: =LARGE(Valutazione!$I$6:$I$17,A14) | D14: =IF(C14>=85,"A",IF(C14>=70,"B","C"))
A15: 10 | B15: =INDEX(Valutazione!$B$6:$B$17,MATCH(LARGE(Valutazione!$I$6:$I$17,A15),Valutazione!$I$6:$I$17,0)) | C15: =LARGE(Valutazione!$I$6:$I$17,A15) | D15: =IF(C15>=85,"A",IF(C15>=70,"B","C"))
A16: 11 | B16: =INDEX(Valutazione!$B$6:$B$17,MATCH(LARGE(Valutazione!$I$6:$I$17,A16),Valutazione!$I$6:$I$17,0)) | C16: =LARGE(Valutazione!$I$6:$I$17,A16) | D16: =IF(C16>=85,"A",IF(C16>=70,"B","C"))
A17: 12 | B17: =INDEX(Valutazione!$B$6:$B$17,MATCH(LARGE(Valutazione!$I$6:$I$17,A17),Valutazione!$I$6:$I$17,0)) | C17: =LARGE(Valutazione!$I$6:$I$17,A17) | D17: =IF(C17>=85,"A",IF(C17>=70,"B","C"))
